model,micro_f1,macro_f1,samples_f1,hamming_loss,rare_recall_mean
TF-IDF + LogisticRegression,0.713875794220127,0.6934271480197238,0.6166868415367215,0.031047059870118316,0.7052854069543486
RuBERT classifier,0.8132857947082004,0.7997962975449453,0.7656312351468475,0.022128814162441064,0.8494530692682304
